n_samples,48.0
p0,1.0
p1,2.0
p2,3.0
a0,0.6576900511934224
a1,0.5242003723420382
a2,0.8879269248499624
