n_samples,46.0
p0,1.0
p1,2.0
p2,3.0
a0,0.6739722342193666
a1,0.8065277798110887
a2,1.4118337969813939
