{
  "Twilight Sparkle": 0.5437432527542114,
  "Rarity": 0.3924627900123596,
  "Fluttershy": 0.4995889365673065,
  "Rainbow Dash": 0.6880151033401489,
  "Pinkie Pie": 0.5255236625671387,
  "Applejack": 0.6009960174560547
}