n_samples,41.0
p0,1.0
p1,2.0
p2,3.0
a0,1.3897787542198787
a1,1.3820103855806956
a2,0.9441101460349482
