n_samples,49.0
p0,1.0
p1,2.0
p2,3.0
a0,0.6101461099995814
a1,1.4003862590144756
a2,0.9306050873528885
