{
  "Twilight Sparkle": 0.6841759085655212,
  "Rarity": 0.5922362208366394,
  "Fluttershy": 0.6244120001792908,
  "Rainbow Dash": 0.5709428191184998,
  "Pinkie Pie": 0.600710391998291,
  "Applejack": 0.6594468951225281
}