n_samples,40.0
p0,1.0
p1,2.0
p2,3.0
a0,0.562625136942325
a1,1.062056457791078
a2,0.8602468343732984
